<?xml version="1.0" encoding="UTF-8"?>
<!-- Do not delete the SecureTransport VERSION line below. -->
<!-- ~VERSION~ 1 -->
<brpackage xmlns:xsi="http://www.w3.org/2001/XMLSchema-instance" name="FileServicesInterface.xml" version="1.0" xsi:noNamespaceSchemaLocation="businessrules.xsd">
    <rule name="FileServicesInterface" type="static" precedence="100">
        <condition>
            <expression>
                <expression>
                    <item>
                        <attribute>EventType</attribute>
                        <comparator name="equal" />
                        <value>Server Transfer - Pull</value>
                    </item>
                    <operator name="or" />
                    <item>
                        <attribute>EventType</attribute>
                        <comparator name="equal" />
                        <value>Server Transfer - Push</value>
                    </item>
                </expression>
                <operator name="and" />
                <item>
                    <attribute>DXAGENT_SITE_PROTOCOL</attribute>
                    <comparator name="match" />
                    <value>mbft.*</value>
                </item>
            </expression>
        </condition>
        <action Order="yes">
            <inprocess-agent id="1" executeafter="" streamaccess="none" class="com.tumbleweed.st.server.agent.mbft.MbftAgent">
                <params>
                    <param>
                        <param-name>Impersonation</param-name>
                        <param-value>"true"</param-value>
                    </param>
                </params>
            </inprocess-agent>
            <inprocess-agent id="2" executeafter="1" streamaccess="none" class="com.tumbleweed.st.server.tm.agents.RetryAgent">
                <params>
                    <param>
                        <param-name>Impersonation</param-name>
                        <param-value>"true"</param-value>
                    </param>
                    <param>
                        <!-- the event exit code for which the retry agent should flag a retry to the event queue -->
                        <param-name>dontretry</param-name><param-value>"0 1 2 4 5"</param-value>
                    </param>
                    <param>
                        <param-name>internalretry</param-name><param-value>"6"</param-value>
                    </param>
                </params>
            </inprocess-agent>
        </action>
    </rule>
        <rule name="FileServicesInterfaceApplication" type="static" precedence="100">
        <condition>
            <expression>
                <item>
                    <attribute>EventType</attribute>
                    <comparator name="equal"/>
                    <value>Application - Incoming</value>
                </item>
                <operator name="and"/>
                <item>
                    <attribute>DXAGENT_APPLICATION_TYPE</attribute>
                    <comparator name="equal"/>
                    <value>MBFT</value>
                </item>
            </expression>
        </condition>
        <action Order="yes">
            <inprocess-agent id="1" executeafter="" streamaccess="none" 
                    class="com.tumbleweed.st.server.agent.mbft.MbftAppAgent"/>
        </action>
    </rule>
    <rule name="FileServicesInterfaceReceiving" type="static" precedence="90">
        <condition>
            <item>
                <attribute>EventType</attribute>
                <comparator name="equal" />
                <value>mbft</value>
            </item>
        </condition>
        <action Order="yes">
            <inprocess-agent id="1" executeafter="" streamaccess="none" wait="yes" class="com.tumbleweed.st.server.agent.mbft.MbftReceivingAgent"/>
            <inprocess-agent id="2" executeafter="1" streamaccess="none" wait="yes" class="com.tumbleweed.st.server.tm.agents.NextPrecedence" />
            <inprocess-agent id="3" executeafter="2" streamaccess="none" wait="yes" class="com.tumbleweed.st.server.tm.agents.CleanupAgent" />
        </action>
    </rule>
</brpackage>

