<?xml version="1.0" encoding="UTF-8"?>
<brpackage xmlns:xsi="http://www.w3.org/2001/XMLSchema-instance" name="HumanSystem.xml" version="1.0" xsi:noNamespaceSchemaLocation="businessrules.xsd">
	<rule name="HumanSystemApplicationPreCommit" type="static" precedence="100">
        <condition>
			<item>
				<attribute>EventType</attribute>
				<comparator name="equal" />
				<value>Application - PackagePreCommit</value>
			</item>
        </condition>
        <action Order="yes">
            <inprocess-agent id="1" executeafter="" streamaccess="none" wait="yes" class="com.axway.st.server.humansystemapp.agents.ToSystemDeliveryAgent" />
        </action>
    </rule>
	
    <rule name="HumanSystemApplicationPostCommit" type="static" precedence="100">
        <condition>
			<item>
				<attribute>EventType</attribute>
				<comparator name="equal" />
				<value>Application - PackagePostCommit</value>
			</item>
        </condition>
        <action Order="yes">
            <inprocess-agent id="1" executeafter="" streamaccess="none" wait="yes" class="com.axway.st.server.humansystemapp.agents.ToHumanDeliveryAgent">
                <params>
                    <param>
                        <param-name>trackers</param-name>
                        <param-value>com.axway.st.server.humansystemapp.delivery.DeliveryStatusTracker</param-value>
                    </param>
                    <param>
                        <param-name>notifiers</param-name>
                        <param-value>com.axway.st.server.humansystemapp.delivery.DeliveryEmailNotifier,com.axway.st.server.humansystemapp.delivery.DeliveryStatusPackageRecorder</param-value>
                    </param>
                    <param>
                        <param-name>Impersonation</param-name>
                        <param-value>"true"</param-value>
                    </param>
                </params>            
            </inprocess-agent>
            <inprocess-agent id="2" executeafter="1" streamaccess="none" wait="yes" class="com.axway.st.server.humansystemapp.agents.ToSystemDeliveryAgent" />
        </action>
    </rule>
    
	<rule name="AdHocServerTransfer" type="static" precedence="100">
        <condition>
            <expression>
                <expression>
                    <item>
                        <attribute>EventType</attribute>
                        <comparator name="equal" />
                        <value>Server Transfer - Pull</value>
                    </item>
                    <operator name="or" />
                    <item>
                        <attribute>EventType</attribute>
                        <comparator name="equal" />
                        <value>Server Transfer - Push</value>
                    </item>
                </expression>
                <operator name="and" />
                <item>
                    <attribute>DXAGENT_SITE_PROTOCOL</attribute>
                    <comparator name="equal" />
                    <value>adhoc</value>
                </item>
            </expression>
        </condition>
        <action Order="yes">
            <inprocess-agent id="1" executeafter="" streamaccess="none" class="com.axway.st.server.humansystemapp.agents.AdHocTransferAgent">
                <params>
                    <param>
                        <param-name>Impersonation</param-name>
                        <param-value>"true"</param-value>
                    </param>
                </params>
            </inprocess-agent>
            <inprocess-agent id="2" executeafter="1" streamaccess="none" class="com.tumbleweed.st.server.tm.agents.RetryAgent">
                <params>
                    <param>
                        <param-name>Impersonation</param-name>
                        <param-value>"true"</param-value>
                    </param>
                    <param>
                        <!-- the event exit code for which the retry agent should flag a retry to the event queue -->
                        <param-name>dontretry</param-name><param-value>"0 1 2 4 5"</param-value>
                    </param>
                    <param>
                        <param-name>internalretry</param-name><param-value>"6"</param-value>
                    </param>
                </params>
            </inprocess-agent>
        </action>
    </rule> 
</brpackage>

