<?xml version="1.0" encoding="UTF-8"?><!-- @(#) $Id: PesitTransfer.xml,v 1.8 2006-07-28 00:07:01 ygoulishev Exp $ --><!-- Do not delete the SecureTransport VERSION line below. --><!-- ~VERSION~ 1 --><brpackage xmlns:xsi="http://www.w3.org/2001/XMLSchema-instance" name="PesitTransfer.xml" version="1.0" xsi:noNamespaceSchemaLocation="businessrules.xsd">
    
    <rule name="PesitSitPushInit" precedence="27" type="static">
        
        <condition>
            
            <expression>
                
                <item>
                    
                    <attribute>EventType</attribute>
                    
                    <comparator name="equal"/>
                    
                    <value>Server Transfer - Push</value>
                    
                </item>
                
                <operator name="and"/>
                
                <item>
                    
                    <attribute>DXAGENT_SITE_PROTOCOL</attribute>
                    
                    <comparator name="equal"/>
                    
                    <value>pesit</value>
                    
                </item>
                
            </expression>
            
        </condition>
        
        <action Order="yes">
            
            <inprocess-agent class="com.axway.st.server.pesit.agent.PesitSitPushInitAgent" executeafter="" id="1" streamaccess="none"/>
            
            <inprocess-agent class="com.tumbleweed.st.server.tm.agents.NextPrecedence" executeafter="1" id="2" streamaccess="none" wait="yes"/>
            
        </action>
        
    </rule>
    
    <rule name="PesitTransfer" precedence="100" type="static">
        
        <condition>
            
            <expression>
                
                <expression>
                    
                    <item>
                        
                        <attribute>EventType</attribute>
                        
                        <comparator name="equal"/>
                        
                        <value>Server Transfer - Pull</value>
                        
                    </item>
                    
                    <operator name="or"/>
                    
                    <item>
                        
                        <attribute>EventType</attribute>
                        
                        <comparator name="equal"/>
                        
                        <value>Server Transfer - Push</value>
                        
                    </item>
                    
                </expression>
                
                <operator name="and"/>
                
                <item>
                    
                    <attribute>DXAGENT_SITE_PROTOCOL</attribute>
                    
                    <comparator name="equal"/>
                    
                    <value>pesit</value>
                    
                </item>
                
            </expression>
            
        </condition>
        
        <action Order="yes">
            
            <inprocess-agent class="com.axway.st.server.pesit.agent.PesitTransferAgent" executeafter="" id="1" streamaccess="none">
                
                <params>
                    
                    <param>
                        
                        <param-name>Impersonation</param-name>
                        
                        <param-value>"true"</param-value>
                        
                    </param>
                    
                </params>
                
            </inprocess-agent>
            
            <inprocess-agent class="com.tumbleweed.st.server.tm.agents.RetryAgent" executeafter="1" id="2" streamaccess="none">
                
                <params>
                    
                    <param>
                        
                        <param-name>Impersonation</param-name>
                        
                        <param-value>"true"</param-value>
                        
                    </param>
                    
                    <param>
                        <!-- the event exit code for which the retry agent should flag a retry to the event queue -->
                        
                        <param-name>dontretry</param-name>
                        
                        <param-value>"0 1 2 4 5"</param-value>
                        
                    </param>
                    
                    <param>
                        
                        <param-name>internalretry</param-name>
                        
                        <param-value>"6"</param-value>
                        
                    </param>
                    
                </params>
                
            </inprocess-agent>
            
        </action>
        
    </rule>
    
    <rule name="Acknowledge" precedence="150" type="static">
        
        <condition>
            
            <expression>
                
                <item>
                    
                    <attribute>EventType</attribute>
                    
                    <comparator name="equal"/>
                    
                    <value>Application - Incoming</value>
                    
                </item>
                
                <operator name="and"/>
                
                <item>
                    
                    <attribute>DXAGENT_PROTOCOL</attribute>
                    
                    <comparator name="equal"/>
                    
                    <value>pesit</value>
                    
                </item>
                
            </expression>
            
        </condition>
        
        <action Order="yes">
            
            <inprocess-agent class="com.tumbleweed.st.server.tm.agents.NextPrecedence" executeafter="" id="1" streamaccess="none" wait="yes"/>
            
            <inprocess-agent class="com.tumbleweed.st.server.tm.agents.Continue" executeafter="1" id="2" streamaccess="none" wait="yes">
                
                <params>
                    
                    <param>
                        
                        <param-name>continue</param-name>
                        
                        <param-value>"0"</param-value>
                        
                    </param>
                    
                </params>
                
            </inprocess-agent>
            
            <inprocess-agent class="com.axway.st.server.pesit.tm.agent.PesitAcknowledgeSenderAgent" executeafter="2" id="3" streamaccess="none" wait="yes"/>
            
            <inprocess-agent class="com.tumbleweed.st.server.tm.agents.SentinelNotifierAgent" executeafter="3" id="4" streamaccess="none" wait="yes">
                
                <params>
                    
                    <param>
                        
                        <param-name>Impersonation</param-name>
                        
                        <param-value>"false"</param-value>
                        
                    </param>
                    
                    <param>
                        
                        <param-name>Command</param-name>
                        
                        <param-value>"com.tumbleweed.st.server.sentinel.SendingAckNotificationCommand"</param-value>
                        
                    </param>
                    
                </params>
                
            </inprocess-agent>
            
        </action>
        
    </rule>
    
    <rule name="AcknowledgeStoreAndForwardReavaluate" precedence="149" type="static">
        
        <condition>
            
            <expression>
                
                <item>
                    
                    <attribute>EventType</attribute>
                    
                    <comparator name="equal"/>
                    
                    <value>AdvancedRouting execute</value>
                    
                </item>
                
                <operator name="and"/>
                
                <item>
                    
                    <attribute>DXAGENT_PROTOCOL</attribute>
                    
                    <comparator name="equal"/>
                    
                    <value>pesit</value>
                    
                </item>
                
            </expression>
            
        </condition>
        
        <action Order="yes">
            
            <inprocess-agent class="com.tumbleweed.st.server.tm.agents.NextPrecedence" executeafter="" id="1" streamaccess="none" wait="yes">
                
                <params>
                    
                    <param>
                        
                        <param-name>reevaluateRules</param-name>
                        
                        <param-value>"true"</param-value>
                        
                    </param>
                    
                </params>
                
            </inprocess-agent>
            
        </action>
        
    </rule>
    
    <rule name="AcknowledgeStoreAndForward" precedence="150" type="static">
        
        <condition>
            
            <expression>
                
                <item>
                    
                    <attribute>EventType</attribute>
                    
                    <comparator name="equal"/>
                    
                    <value>AdvancedRouting execute</value>
                    
                </item>
                
                <operator name="and"/>
                
                <item>
                    
                    <attribute>DXAGENT_PROTOCOL</attribute>
                    
                    <comparator name="equal"/>
                    
                    <value>pesit</value>
                    
                </item>
                
                <operator name="and"/>
                
                <item>
                    
                    <attribute>DXAGENT_PESIT_STOREANDFORWARD_ACKNOWLEDGE</attribute>
                    
                    <comparator name="equal"/>
                    
                    <value>1</value>
                    
                </item>
                
            </expression>
            
        </condition>
        
        <action Order="yes">
            
            <inprocess-agent class="com.tumbleweed.st.server.tm.agents.NextPrecedence" executeafter="" id="1" streamaccess="none" wait="yes"/>
            
            <inprocess-agent class="com.tumbleweed.st.server.tm.agents.Continue" executeafter="1" id="2" streamaccess="none" wait="yes">
                
                <params>
                    
                    <param>
                        
                        <param-name>continue</param-name>
                        
                        <param-value>"0"</param-value>
                        
                    </param>
                    
                </params>
                
            </inprocess-agent>
            
            <inprocess-agent class="com.axway.st.server.pesit.tm.agent.PesitAcknowledgeSenderAgent" executeafter="2" id="3" streamaccess="none" wait="yes"/>
            
            <inprocess-agent class="com.tumbleweed.st.server.tm.agents.SentinelNotifierAgent" executeafter="3" id="4" streamaccess="none" wait="yes">
                
                <params>
                    
                    <param>
                        
                        <param-name>Impersonation</param-name>
                        
                        <param-value>"false"</param-value>
                        
                    </param>
                    
                    <param>
                        
                        <param-name>Command</param-name>
                        
                        <param-value>"com.tumbleweed.st.server.sentinel.SendingAckNotificationCommand"</param-value>
                        
                    </param>
                    
                </params>
                
            </inprocess-agent>
            
        </action>
        
    </rule>
    
    <rule name="AckSharedFolder" precedence="99" type="static">
        
        <condition>
            
            <expression>
                
                <item>
                    
                    <attribute>EventType</attribute>
                    
                    <comparator name="equal"/>
                    
                    <value>Application - Incoming</value>
                    
                </item>
                
                <operator name="and"/>
                
                <item>
                    
                    <attribute>DXAGENT_APPLICATION_TYPE</attribute>
                    
                    <comparator name="equal"/>
                    
                    <value>SharedFolder</value>
                    
                </item>
                
                <operator name="and"/>
                
                <item>
                    
                    <attribute>DXAGENT_PROTOCOL</attribute>
                    
                    <comparator name="equal"/>
                    
                    <value>pesit</value>
                    
                </item>
                
            </expression>
            
        </condition>
        
        <action Order="yes">
            
            <inprocess-agent class="com.tumbleweed.st.server.tm.agents.NextPrecedence" executeafter="" id="1" streamaccess="none" wait="yes"/>
            
            <inprocess-agent class="com.tumbleweed.st.server.tm.agents.Continue" executeafter="1" id="2" streamaccess="none" wait="yes">
                
                <params>
                    
                    <param>
                        
                        <param-name>continue</param-name>
                        
                        <param-value>"0"</param-value>
                        
                    </param>
                    
                </params>
                
            </inprocess-agent>
            
            <inprocess-agent class="com.axway.st.server.pesit.tm.agent.PesitAcknowledgeSenderAgent" executeafter="2" id="3" streamaccess="none" wait="yes"/>
            
            <inprocess-agent class="com.tumbleweed.st.server.tm.agents.SentinelNotifierAgent" executeafter="3" id="4" streamaccess="none" wait="yes">
                
                <params>
                    
                    <param>
                        
                        <param-name>Impersonation</param-name>
                        
                        <param-value>"false"</param-value>
                        
                    </param>
                    
                    <param>
                        
                        <param-name>Command</param-name>
                        
                        <param-value>"com.tumbleweed.st.server.sentinel.SendingAckNotificationCommand"</param-value>
                        
                    </param>
                    
                </params>
                
            </inprocess-agent>
            
        </action>
        
    </rule>
    
    <rule name="AckNoSubsc" precedence="29" type="static">
        
        <condition>
            
            <expression>
                
                <item>
                    
                    <attribute>EventType</attribute>
                    
                    <comparator name="equal"/>
                    
                    <value>Incoming end</value>
                    
                </item>
                
                <operator name="and"/>
                
                <item>
                    
                    <attribute>DXAGENT_PROTOCOL</attribute>
                    
                    <comparator name="equal"/>
                    
                    <value>pesit</value>
                    
                </item>
                
            </expression>
            
        </condition>
        
        <action Order="yes">
            
            <inprocess-agent class="com.tumbleweed.st.server.tm.agents.NextPrecedence" executeafter="" id="1" streamaccess="none" wait="yes"/>
            
            <inprocess-agent class="com.tumbleweed.st.server.tm.agents.Continue" executeafter="1" id="2" streamaccess="none" wait="yes">
                
                <params>
                    
                    <param>
                        
                        <param-name>continue</param-name>
                        
                        <param-value>"0"</param-value>
                        
                    </param>
                    
                </params>
                
            </inprocess-agent>
            
            <inprocess-agent class="com.axway.st.server.pesit.tm.agent.PesitAcknowledgeSenderOnIncomingEndAgent" executeafter="2" id="3" streamaccess="none" wait="yes"/>
            
            <inprocess-agent class="com.tumbleweed.st.server.tm.agents.SentinelNotifierAgent" executeafter="3" id="4" streamaccess="none" wait="yes">
                
                <params>
                    
                    <param>
                        
                        <param-name>Impersonation</param-name>
                        
                        <param-value>"false"</param-value>
                        
                    </param>
                    
                    <param>
                        
                        <param-name>Command</param-name>
                        
                        <param-value>"com.tumbleweed.st.server.sentinel.SendingAckNotificationCommand"</param-value>
                        
                    </param>
                    
                </params>
                
            </inprocess-agent>
            
        </action>
        
    </rule>
    
    <rule name="ManualAcknowledge" type="static" precedence="150">
        <condition>
            <expression>
                <item>
                    <attribute>EventType</attribute>
                    <comparator name="equal"/>
                    <value>Pesit Manual Acknowledge</value>
                </item>
            </expression>
        </condition>
        <action Order="yes">
            <inprocess-agent id="1" executeafter="" streamaccess="none" wait="yes" class="com.tumbleweed.st.server.tm.agents.NextPrecedence"/>
            <inprocess-agent id="2" executeafter="1" streamaccess="none" wait="yes" class="com.tumbleweed.st.server.tm.agents.Continue">
                <params>
                    <param>
                        <param-name>continue</param-name>
                        <param-value>"0"</param-value>
                    </param>
                </params>
            </inprocess-agent>
            <inprocess-agent id="3" executeafter="2" streamaccess="none" wait="yes" class="com.axway.st.server.pesit.tm.agent.PesitManualAcknowledgeAgent"/>
            <inprocess-agent id="4" executeafter="3" streamaccess="none" wait="yes" class="com.tumbleweed.st.server.tm.agents.SentinelNotifierAgent">
                <params>
                    <param>
                        <param-name>Impersonation</param-name>
                        <param-value>"false"</param-value>
                    </param>
                    <param>
                        <param-name>Command</param-name>
                        <param-value>"com.tumbleweed.st.server.sentinel.SendingAckNotificationCommand"</param-value>
                    </param>
                </params>
            </inprocess-agent>
        </action>
    </rule>
</brpackage>
