<?xml version="1.0" encoding="UTF-8"?>
<!-- @(#) $Id: TransferLogMaintApp.xml,v 1.4 2006-08-05 00:46:22 flam Exp $ -->
<!-- Do not delete the SecureTransport VERSION line below. -->
<!-- ~VERSION~ 1 -->
<brpackage xmlns:xsi="http://www.w3.org/2001/XMLSchema-instance" name="TransferLogMaintApp.xml" version="1.0" xsi:noNamespaceSchemaLocation="businessrules.xsd">
	<rule name="TransferLog Maintenance Application" type="static" precedence="100">
        <condition>
            <expression>
                <item>
                    <attribute>EventType</attribute>
                    <comparator name="equal" />
                    <value>Application - Schedule</value>
                </item>
                <operator name="and" />
                <item>
                    <attribute>DXAGENT_APPLICATION_TYPE</attribute>
                    <comparator name="equal" />
                    <value>TransferLogMaint</value>
                </item>
            </expression>
        </condition>
        <action Order="yes">
            <inprocess-agent id="1" executeafter="" streamaccess="none" wait="yes" class="com.tumbleweed.st.server.transferlogmaintapp.agents.TransferLogMaintAgent" >
                <params>
                    <param>
                        <param-name>Impersonation</param-name>
                        <param-value>"true"</param-value>
                    </param>
                    <param>
                        <param-name>deleteChunk</param-name>	                         
                        <param-value>0</param-value>	                         
 	                </param>
 	                <param>
 	                    <param-name>sleepBetweenChunkMillis</param-name>
 	                    <param-value>0</param-value>	                     
                    </param>
                </params>
            </inprocess-agent>
        </action>
    </rule>
		
</brpackage>

